course_code,filename,alt_filename
COMP 001,COMP 001 Introduction to Computing.pdf,
COMP 002,COMP 002 COMPUTER PROGRAMMING 1 (GECILIE C. ALMIRAÑEZ).docx.pdf,
COMP 003,"COMP 003 COMPUTER PROGRAMMING 2 - ROMERO & LOPEZ, H.docx.pdf",
COMP 004,"COMP 004 DISCRETE STRCUTURES 1 [VILLACORTA, KARL KRISTIAN G.].docx.pdf",
COMP 006,"COMP 006 DATA STRUCTURES AND ALGORITHMS [FRANCO, FRANCIS].pdf",
COMP 007,"COMP 007 OPERATING SYSTEMS [FRANCO, FRANCIS].pdf",
COMP 008,COMP 008 Data_Communications_and_Networking - Mr. Christian Jim Fajardo Minalabag.pdf,
INTE 201,INTE 201 Programming 3 - Prof. Almirañez.pdf,
COMP 009,COMP 009 OBJECT ORIENTED PROGRAMMING [FRANCIS FRANCO].pdf,
COMP 010,COMP 010 INFORMATION MANAGEMENT.pdf,
COMP 012,COMP 012 NETWORK ADMINISTRATION(LINGO ORLANDO).pdf,
COMP 013,"COMP 013 HUMAN COMPUTER INTERACTION [SANTOS, JOHN DUSTIN].pdf",
COMP 014,COMP 014 Quantitative Methods with Modeling and Simulation [Ronald Joy Tengco].pdf,COMP 014 QUANTITATIVE METHODS WITH MODELING AND SIMULATIONS [RONALD JOY TENGCO].pdf
INTE 202,INTE 202 INTEGRATIVE PROGRAMMING AND TECHNOLOGY.pdf,
COMP 016,"COMP 016 Web Development [Lingo, Orlando Mendoza].pdf","COMP 016 Web Development [Lingo, Orlando Mendoza] .pdf"
COMP 017,COMP 017 Multimedia [Prof. John Dustin D. Santos].pdf,
COMP 018,COMP 018 Database Administration [Ronald_Joy Tengco].pdf,
ELEC IT-E1,"ELEC IT-E1 IT Elective 1 (Technical Documentation) [Modesto, Lady Melinda Minette Lopez].pdf",
INTE 301,INTE 301 Systems Integration and Architecture 1.pdf,
COMP 019,"COMP 019 Applications Development and Emerging Technologies [San Luis, Angelo].pdf",COMP 019 Applications Delevoplopmentand Emerging Tenhnologies - SanLuis Angelo.pdf
ELEC IT-E2,"ELEC IT-E2 IT Elective 2 [TENGCO, RONALD JOY G.].pdf",
INTE 302,"INTE 302 Information Assurance and Security 1 - MODESTO, LADY MELINDA MINETTE LOPEZ.docx.pdf",
INTE 303,"INTE 303 Capstone Project 1 - ALMIRAÑEZ, GECILIE.pdf",
ELEC IT-E3,"INTE - 372 IT Elective 3 - IT Audit [MODESTO, LADY MELINDA MINETTE LOPEZ].pdf",
COMP 023,COMP 023 Social and Professional Issues in Computing - Sir John Dustin Santos.docx.pdf,COMP 023 Social and Professional Issues in Computing - Sir John Dustin Santos.pdf
ELEC IT-E4,"IT INTE-E4 IT Elective 4 – .NET Fundamentals - Manlapaz,MarkB.pdf",
INTE 401,INTE 401 Information_Assurance_and_Security_2_-_MODESTO__LADY_MELINDA_MINETTE_LOPEZ.pdf,
INTE 402,INTE 402 CAPSTONE_PROJECT_2__ALMIRAÑEZ__GECILIE_.pdf,
INTE 403,INTE 403 Systems_Administration_and_Maintenance_-_MODESTO__LADY_MELINDA_MINETTE_LOPEZ.pdf,"INTE 403 Systems Administration and Maintenance [Modesto, Lady Melinda Minette Lopez].pdf"
COMP 024,COMP 024 Technopreneurship.pdf,
INTE 404,INTE 404 PRACTICUM.pdf,
ITEC 101,ITEC 101 Keyboarding and Documents Processing with Laboratory.docx.pdf,
ITEC 102,ITEC 102 Basic Computer Hardware Servicing.docx.pdf,
ITEC 103,ITEC 103 Hardware_Software Installation and Maintenance.docx.pdf,
ITEC 104,ITEC 104 BASIC ELECTRONICS 1(ROMERO).pdf,
COMP 030,COMP 030 Business Intelligence.pdf,
ITEC 201,ITEC 201 PRACTICUM 1.pdf,
COMP 015,"COMP 015 FUNDAMENTALS OF RESEARCH [ALMIRAÑEZ, GECILIE C].pdf",
COMP 025,COMP 025 Project Management.pdf,
COMP 027,COMP 027 Mobile App Development.pdf,
INTE 351,INTE 351 Systems Analysis and Design.pdf,
ITEC 301,ITEC 301 Advance Programming.docx.pdf,
ITEC 302,"ITEC 302 Capstone Project 1 - ALMIRAÑEZ, GECILIE.docx.pdf",
ITEC 303,ITEC 303 PRACTICUM 2.pdf,
ITEC 304,ITEC 304 - Seminar on Issues and Trends in Information Technology.pdf,
